{"cameraMode":{"drawMode":0,"name":"Shaded","section":"Shading Mode"},"sceneLighting":false,"audioPlay":false,"sceneViewState":{"showFog":true,"showMaterialUpdate":false,"showSkybox":false,"showFlares":true,"showImageEffects":true,"showParticleSystems":true},"in2DMode":false,"pivot":{"x":-1.0,"y":-0.11999998986721039,"z":0.8939998149871826},"rotation":{"x":0.07207830995321274,"y":0.9277761578559876,"z":-0.26729607582092287,"w":0.2501777410507202},"size":3.8219308853149416,"orthographic":false}