{"cameraMode":{"drawMode":0,"name":"Shaded","section":"Shading Mode"},"sceneLighting":false,"audioPlay":false,"sceneViewState":{"showFog":true,"showMaterialUpdate":false,"showSkybox":false,"showFlares":true,"showImageEffects":true,"showParticleSystems":true},"in2DMode":false,"pivot":{"x":-4.779083251953125,"y":2.4200000762939455,"z":-21.459596633911134},"rotation":{"x":-0.008026384748518467,"y":0.9554216861724854,"z":-0.2939807176589966,"w":-0.026083916425704957},"size":21.376422882080079,"orthographic":false}