{"cameraMode":{"drawMode":0,"name":"Shaded","section":"Shading Mode"},"sceneLighting":true,"audioPlay":false,"sceneViewState":{"showFog":true,"showMaterialUpdate":false,"showSkybox":true,"showFlares":true,"showImageEffects":true,"showParticleSystems":true},"in2DMode":false,"pivot":{"x":1.0980000495910645,"y":2.499999761581421,"z":1.9080002307891846},"rotation":{"x":0.07207830995321274,"y":0.9277761578559876,"z":-0.26729607582092287,"w":0.2501777410507202},"size":37.96406555175781,"orthographic":false}